{"name":"fa3ab9ed-50aa-4ac7-b71f-dbbca97a277c","id":"/providers/Microsoft.Flow/flows/fa3ab9ed-50aa-4ac7-b71f-dbbca97a277c","type":"Microsoft.Flow/flows","properties":{"apiId":"/providers/Microsoft.PowerApps/apis/shared_logicflows","displayName":"XULA:Save an Adobe Sign completed agreement to OneDrive for Business","definition":{"metadata":{"workflowEntityId":null,"processAdvisorMetadata":null,"flowclientsuspensionreason":"None","flowclientsuspensiontime":null,"flowclientsuspensionreasondetails":null,"creator":{"id":"749b45b3-1ebb-40fc-b256-8fef3791a180","type":"User","tenantId":"fa7b1b5a-7b34-4387-94ae-d2c178decee1"},"provisioningMethod":"FromDefinition","failureAlertSubscription":true,"clientLastModifiedTime":"2022-09-09T12:26:45.7646401Z","flowChargedByPaygo":null},"$schema":"https://schema.management.azure.com/providers/Microsoft.Logic/schemas/2016-06-01/workflowdefinition.json#","contentVersion":"1.0.0.0","parameters":{"$connections":{"defaultValue":{},"type":"Object"},"$authentication":{"defaultValue":{},"type":"SecureObject"}},"triggers":{"When_an_agreement_workflow_is_completed_successfully":{"metadata":{"operationMetadataId":"1136409e-72fc-4b8a-b443-8722e2af5188","flowSystemMetadata":{"swaggerOperationId":"CreateWebhookForAgreementSignedEvent"}},"type":"ApiConnectionWebhook","inputs":{"host":{"connection":{"name":"@parameters('$connections')['shared_adobesign']['connectionId']"},"api":{"runtimeUrl":"https://flow-apim-msmanaged-na-eastus2-01.azure-apim.net/apim/adobesign"}},"body":{"state":"ACTIVE","webhookUrlInfo":{"url":"@{listCallbackUrl()}"},"name":"XULA Test","scope":"Any agreement in my group","resourceType":"AGREEMENT","webhookSubscriptionEvents":["AGREEMENT_WORKFLOW_COMPLETED"],"webhookConditionalParams":{"webhookAgreementEvents":{"includeDetailedInfo":false,"includeParticipantsInfo":false,"includeDocumentsInfo":false,"includeSignedDocuments":true}}},"headers":{"x-api-client-id":"MicrosoftFlow;v2.0.0;;;"},"path":"/createwebhookforSignedDocumentEvent_custom/v6/webhooks","authentication":"@parameters('$authentication')"}}},"actions":{"Create_file":{"runAfter":{"Get_a_PDF_of_a_signed_agreement":["Succeeded"]},"metadata":{"operationMetadataId":"9ce43a6b-b0e3-45ba-a3fc-1a93049b7456","flowSystemMetadata":{"swaggerOperationId":"CreateFile"}},"type":"ApiConnection","inputs":{"host":{"connection":{"name":"@parameters('$connections')['shared_onedriveforbusiness']['connectionId']"},"api":{"runtimeUrl":"https://flow-apim-msmanaged-na-eastus2-01.azure-apim.net/apim/onedriveforbusiness"}},"method":"post","body":"@base64ToBinary(triggerBody()?['agreement']?['signedDocumentInfo']?['document'])","path":"/datasets/default/files","queries":{"folderPath":"/Abhishek/Adobe_Oct_21/@{triggerBody()?['participantUserEmail']}","name":"@{triggerBody()?['agreement']?['name']}-signed.pdf"},"authentication":"@parameters('$authentication')"},"runtimeConfiguration":{"contentTransfer":{"transferMode":"Chunked"}}},"Get_a_PDF_of_a_signed_agreement":{"runAfter":{},"metadata":{"operationMetadataId":"2758ce3a-ab78-4aa5-8065-d4ae0ebafb09","flowSystemMetadata":{"swaggerOperationId":"GetCombinedDocument_V2"}},"type":"ApiConnection","inputs":{"host":{"connection":{"name":"@parameters('$connections')['shared_adobesign']['connectionId']"},"api":{"runtimeUrl":"https://flow-apim-msmanaged-na-eastus2-01.azure-apim.net/apim/adobesign"}},"method":"get","headers":{"x-api-client-id":"MicrosoftPowerAutomate;v4.2.0;;;"},"path":"/v6/agreements/@{encodeURIComponent(triggerBody()?['agreement']?['id'])}/combinedDocument","authentication":"@parameters('$authentication')"}}},"outputs":{},"description":"Whenever the agreement workflow gets completed, save the final copy in a OneDrive for Business folder."},"connectionReferences":{"shared_onedriveforbusiness":{"connectionName":"shared-onedriveforbu-15e595b9-e68a-4b19-8cc9-56bbb6e55982","source":"Embedded","id":"/providers/Microsoft.PowerApps/apis/shared_onedriveforbusiness","tier":"NotSpecified"},"shared_adobesign":{"connectionName":"1e881daaf7b0414e9fb5fa2b1994a568","source":"Embedded","id":"/providers/Microsoft.PowerApps/apis/shared_adobesign","tier":"NotSpecified"}},"flowFailureAlertSubscribed":false,"isManaged":false}}