{"name":"214cb53d-e1a7-4f3d-b219-60dbf767587e","id":"/providers/Microsoft.Flow/flows/214cb53d-e1a7-4f3d-b219-60dbf767587e","type":"Microsoft.Flow/flows","properties":{"apiId":"/providers/Microsoft.PowerApps/apis/shared_logicflows","displayName":"PA-Send specific Adobe Sign completed agreement to email","definition":{"metadata":{"workflowEntityId":null,"processAdvisorMetadata":null,"flowclientsuspensionreason":"None","flowclientsuspensiontime":null,"flowclientsuspensionreasondetails":null,"creator":{"id":"749b45b3-1ebb-40fc-b256-8fef3791a180","type":"User","tenantId":"fa7b1b5a-7b34-4387-94ae-d2c178decee1"},"provisioningMethod":"FromDefinition","failureAlertSubscription":true,"clientLastModifiedTime":"2022-12-13T11:38:45.0642698Z"},"$schema":"https://schema.management.azure.com/providers/Microsoft.Logic/schemas/2016-06-01/workflowdefinition.json#","contentVersion":"1.0.0.0","parameters":{"$connections":{"defaultValue":{},"type":"Object"},"$authentication":{"defaultValue":{},"type":"SecureObject"}},"triggers":{"When_an_agreement_workflow_is_completed_successfully":{"metadata":{"operationMetadataId":"40438d5e-e2a8-492e-b834-206b05732d51"},"type":"OpenApiConnectionWebhook","inputs":{"host":{"apiId":"/providers/Microsoft.PowerApps/apis/shared_adobesign","connectionName":"shared_adobesign","operationId":"CreateWebhookForAgreementSignedEvent"},"parameters":{"WebhookCreationInfo/name":"Adobe Sign to SharePoint","WebhookCreationInfo/scope":"Any agreement in my group","WebhookCreationInfo/webhookConditionalParams/webhookAgreementEvents/includeDetailedInfo":true,"WebhookCreationInfo/webhookConditionalParams/webhookAgreementEvents/includeParticipantsInfo":true,"WebhookCreationInfo/webhookConditionalParams/webhookAgreementEvents/includeDocumentsInfo":true,"WebhookCreationInfo/webhookConditionalParams/webhookAgreementEvents/includeSignedDocuments":true},"authentication":"@parameters('$authentication')"}}},"actions":{"Condition":{"actions":{"Get_a_PDF_of_a_signed_agreement":{"runAfter":{},"metadata":{"operationMetadataId":"957d97b4-9e15-4b0f-a9fb-2c0c9c203dd7"},"type":"OpenApiConnection","inputs":{"host":{"apiId":"/providers/Microsoft.PowerApps/apis/shared_adobesign","connectionName":"shared_adobesign","operationId":"GetCombinedDocument_V2"},"parameters":{"agreementId":"@triggerOutputs()?['body/agreement/id']"},"authentication":"@parameters('$authentication')"}},"Send_an_email_(V2)":{"runAfter":{"Get_a_PDF_of_a_signed_agreement":["Succeeded"]},"metadata":{"operationMetadataId":"6defecbc-77ca-4523-afbe-991cfce1ecb2"},"type":"OpenApiConnection","inputs":{"host":{"apiId":"/providers/Microsoft.PowerApps/apis/shared_office365","connectionName":"shared_office365","operationId":"SendEmailV2"},"parameters":{"emailMessage/To":"abhishekd@adobe.com","emailMessage/Subject":"Webform completed","emailMessage/Body":"<p>Agreement completed</p>","emailMessage/Attachments":[{"Name":"@{triggerOutputs()?['body/agreement/name']}-@{triggerOutputs()?['body/eventDate']}-signed.pdf","ContentBytes":"@body('Get_a_PDF_of_a_signed_agreement')"}],"emailMessage/Importance":"Normal"},"authentication":"@parameters('$authentication')"}}},"runAfter":{},"expression":{"equals":["@triggerOutputs()?['body/agreement/name']","Billing Card Test For PA"]},"metadata":{"operationMetadataId":"97e65e93-d3b7-4c3d-9752-41ccdda2be88"},"type":"If"}},"outputs":{}},"connectionReferences":{"shared_adobesign":{"connectionName":"1e881daaf7b0414e9fb5fa2b1994a568","source":"Embedded","id":"/providers/Microsoft.PowerApps/apis/shared_adobesign","tier":"NotSpecified"},"shared_office365":{"connectionName":"845e745ac56449e695a0a06f66c83e49","source":"Embedded","id":"/providers/Microsoft.PowerApps/apis/shared_office365","tier":"NotSpecified"}},"flowFailureAlertSubscribed":false,"isManaged":false}}