{"name":"62118a82-6b6c-4ddd-b92e-c7781916689b","id":"/providers/Microsoft.Flow/flows/62118a82-6b6c-4ddd-b92e-c7781916689b","type":"Microsoft.Flow/flows","properties":{"apiId":"/providers/Microsoft.PowerApps/apis/shared_logicflows","displayName":"Save an Adobe Sign completed agreement to SharePoint -1","definition":{"metadata":{"workflowEntityId":null,"processAdvisorMetadata":null,"flowChargedByPaygo":null,"flowclientsuspensionreason":"None","flowclientsuspensiontime":null,"flowclientsuspensionreasondetails":null,"creator":{"id":"749b45b3-1ebb-40fc-b256-8fef3791a180","type":"User","tenantId":"fa7b1b5a-7b34-4387-94ae-d2c178decee1"},"provisioningMethod":"FromDefinition","failureAlertSubscription":true,"clientLastModifiedTime":"2023-05-23T12:47:03.5942503Z"},"$schema":"https://schema.management.azure.com/providers/Microsoft.Logic/schemas/2016-06-01/workflowdefinition.json#","contentVersion":"1.0.0.0","parameters":{"$connections":{"defaultValue":{},"type":"Object"},"$authentication":{"defaultValue":{},"type":"SecureObject"}},"triggers":{"When_an_agreement_workflow_is_completed_successfully":{"metadata":{"operationMetadataId":"40438d5e-e2a8-492e-b834-206b05732d51"},"type":"OpenApiConnectionWebhook","inputs":{"host":{"apiId":"/providers/Microsoft.PowerApps/apis/shared_adobesign","connectionName":"shared_adobesign","operationId":"CreateWebhookForAgreementSignedEvent"},"parameters":{"WebhookCreationInfo/name":"Adobe Sign to SharePoint","WebhookCreationInfo/scope":"Any agreement in my group","WebhookCreationInfo/webhookConditionalParams/webhookAgreementEvents/includeDetailedInfo":true,"WebhookCreationInfo/webhookConditionalParams/webhookAgreementEvents/includeParticipantsInfo":true,"WebhookCreationInfo/webhookConditionalParams/webhookAgreementEvents/includeDocumentsInfo":true,"WebhookCreationInfo/webhookConditionalParams/webhookAgreementEvents/includeSignedDocuments":true},"authentication":"@parameters('$authentication')"}}},"actions":{"Get_a_PDF_of_a_signed_agreement":{"runAfter":{},"metadata":{"operationMetadataId":"f21a8416-3528-4c00-ba3b-7b4102ccfd92"},"type":"OpenApiConnection","inputs":{"host":{"apiId":"/providers/Microsoft.PowerApps/apis/shared_adobesign","connectionName":"shared_adobesign","operationId":"GetCombinedDocument_V2"},"parameters":{"agreementId":"@triggerOutputs()?['body/agreement/id']"},"authentication":"@parameters('$authentication')"}},"Create_file":{"runAfter":{"Get_a_PDF_of_a_signed_agreement":["Succeeded"]},"metadata":{"operationMetadataId":"aeb3e87d-a2e9-4e28-8827-a9b677718b15"},"type":"OpenApiConnection","inputs":{"host":{"apiId":"/providers/Microsoft.PowerApps/apis/shared_sharepointonline","connectionName":"shared_sharepointonline_1","operationId":"CreateFile"},"parameters":{"dataset":"https://adobe.sharepoint.com/sites/AdobeSignImplementationGuides","folderPath":"/Shared Documents/Candidates","name":"@{triggerOutputs()?['body/agreement/name']}_Offer Letter_@{triggerOutputs()?['body/eventDate']}.pdf","body":"@body('Get_a_PDF_of_a_signed_agreement')"},"authentication":"@parameters('$authentication')"},"runtimeConfiguration":{"contentTransfer":{"transferMode":"Chunked"}}}},"outputs":{}},"connectionReferences":{"shared_adobesign":{"connectionName":"1e881daaf7b0414e9fb5fa2b1994a568","source":"Embedded","id":"/providers/Microsoft.PowerApps/apis/shared_adobesign","tier":"NotSpecified"},"shared_sharepointonline_1":{"connectionName":"shared-sharepointonl-9c1c8ee7-6412-4580-8d66-b37f42c751fb","source":"Embedded","id":"/providers/Microsoft.PowerApps/apis/shared_sharepointonline","tier":"NotSpecified"}},"flowFailureAlertSubscribed":false,"isManaged":false}}