{"name":"4e48aca8-b9e3-42aa-94ed-8e52ea8fe2f2","id":"/providers/Microsoft.Flow/flows/4e48aca8-b9e3-42aa-94ed-8e52ea8fe2f2","type":"Microsoft.Flow/flows","properties":{"apiId":"/providers/Microsoft.PowerApps/apis/shared_logicflows","displayName":"Tyson - Update agreement status","definition":{"metadata":{"workflowEntityId":null,"processAdvisorMetadata":null,"flowChargedByPaygo":null,"flowclientsuspensionreason":"None","flowclientsuspensiontime":null,"flowclientsuspensionreasondetails":null,"creator":{"id":"749b45b3-1ebb-40fc-b256-8fef3791a180","type":"User","tenantId":"fa7b1b5a-7b34-4387-94ae-d2c178decee1"},"provisioningMethod":"FromDefinition","failureAlertSubscription":true,"clientLastModifiedTime":"2023-07-26T13:28:19.8306024Z","connectionKeySavedTimeKey":"2024-01-22T18:53:45.0477148Z"},"$schema":"https://schema.management.azure.com/providers/Microsoft.Logic/schemas/2016-06-01/workflowdefinition.json#","contentVersion":"1.0.0.0","parameters":{"$connections":{"defaultValue":{},"type":"Object"},"$authentication":{"defaultValue":{},"type":"SecureObject"}},"triggers":{"When_an_event_occurs":{"metadata":{"operationMetadataId":"1e642a65-cb3d-45b5-9729-a31522ceb598"},"type":"OpenApiConnectionWebhook","inputs":{"host":{"apiId":"/providers/Microsoft.PowerApps/apis/shared_adobesign","connectionName":"shared_adobesign","operationId":"CreateWebhookGeneric"},"parameters":{"WebhookCreationInfo/name":"When agreement rejected","WebhookCreationInfo/scope":"Any resource in my account","WebhookCreationInfo/webhookSubscriptionEvents":["When an agreement is cancelled","When an agreement is rejected by a participant","When an agreement expires","When a participant completes their action"],"WebhookCreationInfo/resourceType":"Agreement","WebhookCreationInfo/webhookConditionalParams/webhookAgreementEvents/includeDetailedInfo":true,"WebhookCreationInfo/webhookConditionalParams/webhookAgreementEvents/includeParticipantsInfo":true,"WebhookCreationInfo/webhookConditionalParams/webhookAgreementEvents/includeDocumentsInfo":true,"WebhookCreationInfo/webhookConditionalParams/webhookAgreementEvents/includeSignedDocuments":true},"authentication":"@parameters('$authentication')"}}},"actions":{"Get_form_field_data_of_agreement_in_JSON_format":{"runAfter":{},"metadata":{"operationMetadataId":"a38ae7c5-b42f-4b11-ae56-0d1f686a356a"},"type":"OpenApiConnection","inputs":{"host":{"apiId":"/providers/Microsoft.PowerApps/apis/shared_adobesign","connectionName":"shared_adobesign","operationId":"GetAgreementFormFieldData_V3"},"parameters":{"agreementId":"@triggerOutputs()?['body/agreement/id']"},"authentication":"@parameters('$authentication')"}},"Create_file":{"runAfter":{"Parse_JSON":["Succeeded"]},"metadata":{"operationMetadataId":"12fb8d39-5c23-4978-be75-2210d6ccbe01"},"type":"OpenApiConnection","inputs":{"host":{"apiId":"/providers/Microsoft.PowerApps/apis/shared_sharepointonline","connectionName":"shared_sharepointonline","operationId":"CreateFile"},"parameters":{"dataset":"https://adobe.sharepoint.com/sites/AdobeSignImplementationGuides","folderPath":"/Send Signature","name":"@{triggerOutputs()?['body/agreement/name']}.pdf","body":"@body('Get_a_PDF_of_a_signed_agreement')"},"authentication":"@parameters('$authentication')"},"runtimeConfiguration":{"contentTransfer":{"transferMode":"Chunked"}}},"Get_a_PDF_of_a_signed_agreement":{"runAfter":{"Get_form_field_data_of_agreement_in_JSON_format":["Succeeded"]},"metadata":{"operationMetadataId":"6cc1f2b7-b851-4193-9714-f6f029a32f2e"},"type":"OpenApiConnection","inputs":{"host":{"apiId":"/providers/Microsoft.PowerApps/apis/shared_adobesign","connectionName":"shared_adobesign","operationId":"GetCombinedDocument_V2"},"parameters":{"agreementId":"@triggerOutputs()?['body/agreement/id']"},"authentication":"@parameters('$authentication')"}},"Parse_JSON":{"runAfter":{"Get_a_PDF_of_a_signed_agreement":["Succeeded"]},"metadata":{"operationMetadataId":"a0a43a0d-e4e0-4729-90ac-7f6bd6b76a11"},"type":"ParseJson","inputs":{"content":"@body('Get_form_field_data_of_agreement_in_JSON_format')","schema":{"type":"object","properties":{"type":{"type":"string"},"properties":{"type":"object","properties":{"item data":{"type":"object","properties":{"type":{"type":"string"},"items":{"type":"object","properties":{"type":{"type":"string"},"properties":{"type":"object","properties":{"item description":{"type":"object","properties":{"type":{"type":"string"}}},"requested qty":{"type":"object","properties":{"type":{"type":"string"}}},"approved qty":{"type":"object","properties":{"type":{"type":"string"}}},"comment":{"type":"object","properties":{"type":{"type":"string"}}}}},"required":{"type":"array","items":{"type":"string"}}}}}}}}}}}}}},"connectionReferences":{"shared_adobesign":{"connectionName":"1e881daaf7b0414e9fb5fa2b1994a568","source":"Embedded","id":"/providers/Microsoft.PowerApps/apis/shared_adobesign","tier":"NotSpecified"},"shared_sharepointonline":{"connectionName":"shared-sharepointonl-9c1c8ee7-6412-4580-8d66-b37f42c751fb","source":"Embedded","id":"/providers/Microsoft.PowerApps/apis/shared_sharepointonline","tier":"NotSpecified"}},"flowFailureAlertSubscribed":false,"isManaged":false}}